{"cameraMode":{"drawMode":0,"name":"Shaded","section":"Shading Mode"},"sceneLighting":true,"audioPlay":false,"sceneViewState":{"showFog":true,"showMaterialUpdate":false,"showSkybox":true,"showFlares":true,"showImageEffects":true,"showParticleSystems":true,"showVisualEffectGraphs":true,"m_FxEnabled":true},"in2DMode":false,"pivot":{"x":3.5090935230255129,"y":-0.7795543670654297,"z":15.854001998901368},"rotation":{"x":-0.17460565268993379,"y":0.0009130074176937342,"z":-0.0001547895953990519,"w":-0.9846749305725098},"size":22.2452449798584,"orthographic":false}