{"cameraMode":{"drawMode":0,"name":"Shaded","section":"Shading Mode"},"sceneLighting":false,"audioPlay":false,"sceneViewState":{"m_AlwaysRefresh":false,"showFog":true,"showSkybox":false,"showFlares":true,"showImageEffects":true,"showParticleSystems":true,"showVisualEffectGraphs":true,"m_FxEnabled":true},"in2DMode":false,"pivot":{"x":167.08164978027345,"y":467.32159423828127,"z":76.44760131835938},"rotation":{"x":-0.18729260563850404,"y":-0.28248631954193118,"z":0.05624863877892494,"w":-0.9392114281654358},"size":184.2509002685547,"orthographic":false}