{"cameraMode":{"drawMode":0,"name":"Shaded","section":"Shading Mode"},"sceneLighting":false,"audioPlay":false,"sceneViewState":{"m_AlwaysRefresh":false,"showFog":true,"showSkybox":false,"showFlares":true,"showImageEffects":true,"showParticleSystems":true,"showVisualEffectGraphs":true,"m_FxEnabled":true},"in2DMode":false,"pivot":{"x":-0.5126486420631409,"y":1.112174153327942,"z":-0.004391923546791077},"rotation":{"x":-0.2985558807849884,"y":-0.47668522596359255,"z":0.1761818379163742,"w":-0.8078780174255371},"size":1.2257953882217408,"orthographic":false}